Id,SalePrice_Predicted,SalePrice_Actual,Accuracy_Percentage
1461,127839.92426103375,169277.0524984,75.52111900237752
1462,171215.70301622784,187758.393988768,91.18937341702562
1463,189255.60365142082,183583.683569555,96.91044434255679
1464,185401.1565861694,179317.47751083,96.60731393292549
1465,184380.27539417485,150730.079976501,77.6751956723436
1466,200215.84256345898,177150.989247307,86.98011599362118
1467,175458.96897069007,172070.659229164,98.03086141663843
1468,175832.05828624943,175110.956519547,99.58820294227453
1469,187027.3137292856,162011.698831665,84.55937745359205
1470,122577.06595509886,160726.247831419,76.2644979329489
1471,197060.9323914036,157933.279456005,75.22520074922001
1472,94337.8855117397,145291.245020389,64.93019279895432
1473,93530.25172549684,159672.017631819,58.5764826628322
1474,134299.01974355258,164167.518301885,81.80608510910928
1475,113994.99874230653,150891.638244053,75.54759168160821
1476,372453.0321736129,179460.96518734,-7.539857921084803
1477,251950.12107512995,185034.62891405,63.83623295066422
1478,266160.6551869378,182352.192644656,54.040331883698975
1479,328523.51927087334,183053.458213802,20.531377840911446
1480,455497.12101628503,187823.339254278,-42.513589005904294
1481,309296.1175374978,186544.114327568,34.196796477652725
1482,206773.90368923944,158230.77520516,69.32131033224161
1483,201071.81950228583,190552.829321091,94.47975124868401
1484,174994.47743083868,147183.67487199,81.10469616753585
1485,176130.82350230764,185855.300905493,94.76771587584138
1486,202404.08836954748,174350.470676986,83.90964040209815
1487,304826.69688435644,201740.620690863,48.901675904201134
1488,231218.17025421796,162986.378895754,58.13650697638667
1489,214475.3751119701,162330.199085679,67.87709476117347
1490,223325.45411745133,165845.938616539,65.34162007197915
1491,202511.06572916682,180929.622876974,88.0719129852675
1492,105690.01881951983,163481.501519718,64.64952782854898
1493,199777.79549167625,187798.076714233,93.62095768655158
1494,282544.65097555105,198822.198942566,57.890792638718345
1495,225825.7563936061,194868.409899858,84.11371729791558
1496,212183.93095014797,152605.298564403,60.95900145917843
1497,180926.84942603597,147797.702836811,77.58480277206736
1498,151215.52814093267,150521.96899297,99.53923061689748
1499,151215.52814093267,146991.630153739,97.12643639452405
1500,151215.52814093267,150306.307814534,99.39508837678285
1501,162908.5961947332,151164.372534604,92.23082564812634
1502,148512.37651948823,151133.706960953,98.2655553852444
1503,243426.00829036042,156214.042540726,44.17149423241018
1504,200726.87708795382,171992.760735142,83.2934152402725
1505,214780.38600976218,173214.912549738,76.00352484195676
1506,173733.09117765905,192429.187345783,90.2841682044168
1507,284242.32759412547,190878.69508543,51.08745244360065
1508,205575.32198805574,194542.544135519,94.32886112312212
1509,150830.20235495927,191849.439072822,78.61904787623972
1510,140387.68061182747,176363.773907793,79.60120012243861
1511,140387.68061182747,176954.185412429,79.33560897959232
1512,169551.5268507349,176521.216975696,96.0516416981644
1513,157940.1546629336,179436.704810176,88.01998165872287
1514,150318.18957731378,220079.756777048,68.30168834182862
1515,231091.04426894808,175502.918109444,68.3263806902406
1516,152730.53399268456,188321.073833569,81.10113801053514
1517,146804.71826457337,163276.324450004,89.91182203487541
1518,143489.876562751,185911.366293097,77.1818740423505
1519,214780.38600976218,171392.830997252,74.68531515579795
1520,136730.0239874178,174418.207020775,78.39205913355815
1521,139829.3264573852,179682.709603774,77.8201345948805
1522,168130.33116908668,179423.751581665,93.70572718883425
1523,122050.47912842849,171756.918091777,71.06000764592885
1524,124455.14435463188,166849.638174419,74.59119822874932
1525,118775.79495347361,181122.168676666,65.57772348977815
1526,141460.87261486592,170934.462746566,82.75737399110749
1527,103668.48879543673,159738.292580329,64.89895886629941
1528,111880.99891934372,174445.759557658,64.13512097000253
1529,137106.96760930173,174706.363659627,78.4785194639054
1530,151078.7222331918,164507.672539365,91.83688511369597
1531,131892.8315636765,163602.512172832,80.617852263994
1532,92825.31645084699,154126.270249525,60.226797352953575
1533,135198.54658670374,171104.853481351,79.01502723967982
1534,114320.64822713101,167735.39270528,68.15535253671743
1535,149379.96406010273,183003.613338104,81.62678393902492
1536,114423.40992230385,172580.381161499,66.3015165178176
1537,103866.85575729348,165407.889104689,62.79437838152609
1538,121319.56857108427,176363.773907793,68.78939244887836
1539,194853.94355851796,175182.950898522,88.77117176123448
1540,176023.96743233784,190757.177789246,92.27645820322115
1541,134000.29783961852,167186.995771991,80.14995258504891
1542,130729.85791260895,167839.376779276,77.88986137891263
1543,190919.6213566844,173912.421165137,90.22082489703345
1544,91714.3390279384,154034.917445551,59.54126541493946
1545,93713.42406773989,156002.955794336,60.07156953569872
1546,108245.21419209497,168173.94329857,64.36503305385442
1547,127825.24757032937,168882.437104132,75.6888932692942
1548,118770.85140876572,168173.94329857,70.62381310635276
1549,93713.42406773989,157580.177551642,59.47031252520847
1550,131938.63399924914,181922.15256011,72.52477619824474
1551,114636.33763686336,155134.227842592,73.89493552201769
1552,141461.18703951925,188885.573319552,74.89253125764066
1553,146364.93442269613,183963.193012381,79.56207544888913
1554,107303.61218993021,161298.762306335,66.5247585633308
1555,192402.26142368428,188613.66763056,97.99134715913321
1556,108930.44364928064,175080.111822945,62.21748576413968
1557,123961.18482101362,174744.400305232,70.93857348475052
1558,85138.86434126562,168175.911336919,50.62488656339181
1559,135121.5879871831,182333.472575006,74.10684723925198
1560,132323.43959510088,158307.206742274,83.58649130265118
1561,173733.09117765905,193053.055502348,89.99240686741994
1562,119203.54954956645,175031.089987177,68.1042148330902
1563,122577.06595509886,160713.294602908,76.27064472666278
1564,154431.26299227632,173186.215014436,89.17064385257433
1565,147290.2112309562,191736.7598055,76.81897377444423
1566,207754.12002385425,170401.630997116,78.07973503060518
1567,100143.9138061492,164626.577880222,60.83095153627702
1568,212697.2169344782,205469.409444832,96.48229509727246
1569,166589.38114603923,209561.784211885,79.4941605276671
1570,128076.80742051882,182271.503072356,70.26704957256888
1571,127643.82954425618,178081.549427793,71.67717821099266
1572,134876.08232161443,178425.956138831,75.59218694429696
1573,269656.41483941476,162015.318511503,33.5611611810217
1574,149675.68137051337,181722.420373045,82.36500540948927
1575,200543.1635368333,156705.730169433,72.02563472311925
1576,202996.1694232878,182902.420342386,89.01395124061939
1577,213390.20407008543,157574.595395085,64.57829478473063
1578,142709.18881743134,184380.739100813,77.39918470518926
1579,165524.65631096615,169364.469225677,97.73281082374231
1580,198171.57621300567,175846.179822063,87.30401967587039
1581,153450.42841368663,189673.295302136,80.90249508727683
1582,120130.87866667222,174401.317715566,68.88186410529057
1583,327310.2346896612,179021.448718583,17.16702829045684
1584,253617.63023494396,189196.845337149,65.95039162360395
1585,141847.8014954645,139647.095720655,98.42409484890992
1586,71645.45548613825,161468.198288911,44.37124848445069
1587,117183.93015408248,171557.32317862,68.30599124706225
1588,140754.3388387785,179447.36804185,78.43767249121889
1589,119076.23260954117,169611.619017694,70.20523316690884
1590,142719.08939871273,172088.872655744,82.93336297473213
1591,117638.31874359914,171190.624128768,68.71773459690917
1592,123247.33943587502,154850.508361878,79.59117521774748
1593,104997.43202178396,158617.655719941,66.19529934748869
1594,186821.4245616571,209258.33693701,89.27788842070997
1595,151443.16527627362,177939.027626751,85.1095834883083
1596,196019.65100256875,194631.100299584,99.28657306008782
1597,215613.69404360052,213618.871562568,99.06617684737266
1598,186501.3128737176,198342.504228533,94.02992747274592
1599,147140.80126821878,138607.971472497,93.84391120866026
1600,158947.04364976345,150778.958976731,94.58274236109231
1601,77400.95245450473,146966.230339786,52.665807835959114
1602,100130.46769194579,162182.59620952,61.73934197143417
1603,103542.21646873477,176825.940961269,58.55601045064655
1604,256107.11522267608,152799.812402444,32.390425619017506
1605,224312.94969918244,180322.322067129,75.60444701035019
1606,152297.67433799102,177508.027228367,85.79762657271695
1607,188143.03270683312,208029.642652019,90.44049218579336
1608,222033.74386500422,181987.282510201,77.9949121705477
1609,214475.3751119701,160172.72797397,66.09744503644532
1610,188629.91964645253,176761.317654248,93.28552075210258
1611,170775.7125771095,176515.497545231,96.74828270155106
1612,198906.03111184412,176270.453065471,87.15860902793179
1613,199751.02114281175,183050.846258475,90.87675625342074
1614,114784.51919910498,150011.102062216,76.51734946357433
1615,94337.8855117397,159270.537808667,59.23122180014773
1616,94337.8855117397,163419.663729346,57.72737708479265
1617,94898.55640189446,163399.983345859,58.07745781774551
1618,117930.23523567879,173364.161505756,68.02457567434622
1619,144299.3340912239,169556.835902417,85.1038139059582
1620,265953.1906808441,183690.595995738,55.216763145014355
1621,136307.7513934212,176980.914909382,77.01833356620045
1622,123590.16532453013,204773.36222471,60.35461057132386
1623,262185.4723819302,174728.655998442,49.94706742077382
1624,200686.1712029564,181873.458244461,89.65615261287398
1625,134297.6437039412,177322.000823979,75.73659392511226
1626,145768.85495245046,193927.939041863,75.16650549304478
1627,185173.758847084,181715.622732304,98.0969516749397
1628,251816.23620384824,199270.841200324,73.63116716574648
1629,181366.4644887469,177109.589956218,97.59647428827473
1630,418300.28489402536,153909.578271486,-71.78314019948266
1631,218130.3707033865,162931.203336223,66.12118106483562
1632,284520.78222343634,166386.7567182,29.00034363593409
1633,175832.05828624943,173719.30379824,98.78381133137442
1634,181366.4644887469,179757.925656704,99.10516388850925
1635,187411.81118759434,179007.601964376,95.30511043609708
1636,178101.12699175373,180370.808623106,98.74165800515155
1637,188137.0486133291,185102.616730563,98.36067585841693
1638,211869.5576318145,198825.563452058,93.43947832799591
1639,179148.24520478887,184294.576009142,97.20755167309001
1640,254616.1572272207,200443.7920562,72.97378750655847
1641,181619.72492784733,181294.784484153,99.82076679998329
1642,204026.3931305952,174354.336267919,82.98174998235713
1643,227798.9109423904,172023.677781517,67.57700225912382
1644,200726.87708795382,181666.922855025,89.50829686913387
1645,175325.05938614835,179024.491269586,97.93356101324325
1646,148714.48676002014,178324.191575907,83.39557602688869
1647,154688.64456242818,184534.676687694,83.82632865487001
1648,141739.66699327677,159397.250378784,88.92227855653307
1649,129402.01439998735,178430.966728182,72.52217301334005
1650,117930.23523567879,177743.799385967,66.34843839452071
1651,119570.20777651746,179395.305519087,66.65180419885381
1652,94898.55640189446,151713.38474815,62.551209017865936
1653,94898.55640189446,151713.38474815,62.551209017865936
1654,137590.19323103246,168434.977996215,81.68742316345026
1655,127120.90493799478,153999.100311019,82.54652441557087
1656,134299.01974355258,164096.097354123,81.84169027111739
1657,137590.19323103246,166335.403036551,82.71852577337249
1658,134299.01974355258,163020.725375757,82.38156187441695
1659,113994.99874230653,155862.510668829,73.13817687982646
1660,139358.1156121008,182760.651095509,76.25170668672742
1661,462565.48202254664,201912.270622883,-29.09230855339777
1662,323971.06098562735,185988.233987516,25.810991351542633
1663,338521.5300562852,183778.44888032,15.799114575868023
1664,450282.64239554,170935.85921771,-63.42199024608641
1665,319215.33149860473,184468.908382254,26.954398820894532
1666,297426.0993659534,191569.089663229,44.74212416584695
1667,350357.6149967635,232991.025583822,49.6261329727839
1668,330314.4948669681,180980.721388278,17.486364109297714
1669,233488.37308982373,164279.13048219,57.87094659894312
1670,332180.97209737846,183859.460411109,19.32886599654804
1671,306652.21676021995,185922.465682076,35.064463223831375
1672,456672.2836275632,191742.778119363,-38.16922238566778
1673,322227.5986296755,199954.072465842,38.84919438951593
1674,238636.46336247653,180690.274752587,67.93065443658588
1675,197520.49488404553,163099.3096358,78.89556655689843
1676,200066.27450419558,140791.922472443,57.89932334835881
1677,213006.58239546965,166481.86647592,72.054184095612
1678,442261.33091970795,172080.434496773,-57.00849269299213
1679,345345.6700095822,191719.161659178,19.868985957956408
1680,355146.08050520875,160741.098612515,-20.942922233802474
1681,252688.65150494696,157829.546854733,39.897752644805664
1682,295190.24079953774,196896.748596341,50.0786615807919
1683,181666.53067321275,159675.423990355,86.22761967164959
1684,182118.09489543567,182084.790901946,99.98170962367328
1685,177848.09020131693,179233.926374487,99.22680030438292
1686,168183.25084950915,155774.270901623,92.03399901918151
1687,178068.6031268033,181354.326716058,98.18822983231104
1688,182385.01422679154,179605.563663918,98.45246967511846
1689,184647.2892839018,181609.34866147,98.32721132209184
1690,174845.70338268141,178221.531623281,98.10582469477633
1691,172077.2783292224,175559.920735795,98.01626567614272
1692,225082.42486928793,200328.822792041,87.64351443179828
1693,178068.6031268033,178630.060559899,99.68568703871237
1694,181444.2928609297,177174.535221728,97.59008390576092
1695,175832.05828624943,172515.687368714,98.07764095653084
1696,272720.5383948292,204032.992922943,66.33507920073134
1697,175832.05828624943,176023.232787689,99.89139246086332
1698,359713.25865784555,202202.073341595,22.102091876102982
1699,315191.69163327425,181734.480075862,26.564727011790612
1700,258463.63273570198,183982.158993126,59.51701287223248
1701,254215.63925650308,188007.94241481,64.78462771768643
1702,299794.4330222885,185922.966763517,38.75341586840682
1703,288559.5403205033,183978.544874918,43.15587422615661
1704,279040.98611249373,177199.618638821,42.527321302394014
1705,205723.20121478054,181878.647956764,86.8898556670133
1706,448117.0245716608,173622.088728263,-58.0990862706481
1707,222147.16063922385,180728.168562655,77.08216023767778
1708,222147.16063922385,176477.026606328,74.12120154609505
1709,233200.20567774048,184282.266697609,73.45488534694361
1710,227843.3420012223,162062.47538448,59.410180264936365
1711,217062.25312515817,182550.070992189,81.09440223967599
1712,348724.33232054603,180987.949624695,7.321795156154332
1713,273025.25664592994,178173.79762147,46.76464200085596
1714,215290.8200937038,179980.635948606,80.38112046943722
1715,196860.33250629783,173257.637826205,86.37711158005702
1716,190306.09079273054,177271.291059307,92.64697647569866
1717,182332.05868663633,175338.355442312,96.01131011712647
1718,173078.64988144243,177548.140549508,97.48265982722624
1719,221706.7148575277,175969.91662932,74.00874018452137
1720,221148.27356408208,175011.481953462,73.63784873104012
1721,175536.6392089875,185199.372568143,94.78252370666095
1722,175536.6392089875,188514.050228937,93.11594493662973
1723,181962.9400537402,185080.145268797,98.31575385326741
1724,252688.65150494696,157304.402574096,39.36326805225837
1725,233572.70797437994,194260.859481297,79.76337147995179
1726,199761.93034848385,181262.329995106,89.79401823099299
1727,178983.24764561793,157003.292706732,86.00032231174762
1728,188410.89731560397,182924.499359899,97.00073091635984
1729,172091.36834814784,181902.586375439,94.60633395995744
1730,168853.35635659358,188985.371708134,89.34731552522913
1731,124278.44408834235,185290.904495068,67.07206941809189
1732,117944.36657112383,177304.425752748,66.5208248865699
1733,120665.10172432699,166274.900490809,72.56964302378088
1734,127551.4826015663,177807.420530107,71.73574771024184
1735,122054.64657865268,180330.624816201,67.68381504974813
1736,122054.64657865268,179069.112234629,68.16063644674134
1737,271150.4699707517,175943.371816948,45.8876471613506
1738,187218.17798098706,185199.050609653,98.90975284987297
1739,317046.37970657315,167350.910824524,10.549952704462717
1740,337741.3211845201,149315.311876449,-26.193360171918755
1741,216647.2128730783,139010.847766793,44.15085847362834
1742,162908.5961947332,155412.151845447,95.1764104284836
1743,160951.96349457483,171308.313985441,93.95455465649711
1744,211737.7844432277,176220.543265638,79.84500528746506
1745,226343.14912440372,177643.434991809,72.5856944081045
1746,212304.41076324883,187222.653264601,86.60324642274998
1747,194106.15023502655,185635.132083154,95.43673761705945
1748,213636.26106978595,206492.534215854,96.54044303293581
1749,150861.2015279794,181681.021081956,83.03630210220263
1750,138732.8088146954,180500.198072685,76.86019754883016
1751,215078.85589352352,206486.17086841,95.83861476583365
1752,121052.93802151493,161334.301195429,75.03236269321299
1753,168950.8997674931,176156.558313965,95.90951445950186
1754,198259.8506380028,191642.223478994,96.5468845858313
1755,176321.64660509347,191945.808027777,91.86011844529446
1756,120715.75481171794,164146.306037354,73.54156040785178
1757,117944.36657112383,179883.057071096,65.56724601612044
1758,145597.50001188237,178071.137668844,81.76367148428494
1759,185111.9130483101,188241.637896875,98.33738970637332
1760,148065.638647794,174559.656173171,84.82237069767497
1761,143823.58133700438,182347.363042264,78.87340893636576
1762,182300.95342010463,191507.251872857,95.19271549107472
1763,158314.22727520292,199751.865597358,79.25544364843061
1764,118480.4331789577,162106.416145131,73.088059064167
1765,178570.79991308603,164575.982314367,91.49643988028177
1766,169431.78707632885,179176.352180931,94.56146696481345
1767,199171.51923664234,177327.403857584,87.68147793073095
1768,132477.6086756474,177818.083761781,74.50176375375003
1769,157392.30893900327,186965.204048443,84.1826743858834
1770,126730.91400315988,178762.742169197,70.89335980492537
1771,132854.55229753134,183322.866146283,72.47025703357686
1772,141791.6933119405,178903.295931891,79.25605426851443
1773,135576.9111456148,186570.129421778,72.66806940950171
1774,167450.00199844874,199144.242829024,84.08478177409002
1775,123523.7578828233,172154.713310956,71.75159802898187
1776,147223.92693010782,177444.019201603,82.96922465605302
1777,98685.73464119257,166200.938073485,59.37736319969452
1778,113620.673522185,158995.770555632,71.46144399006485
1779,131312.82568971693,168273.282454755,78.03545742624
1780,143395.64301570586,189680.453052788,75.59853464489507
1781,132463.00903254535,181681.021081956,72.90965685006334
1782,105723.58629711467,160277.142643643,65.96298421177771
1783,129002.1209655349,197318.54715833,65.37759517457957
1784,87135.56843093422,162228.935604196,53.71148377840955
1785,122988.9006388357,187340.455456083,65.64994215446816
1786,129272.2989744121,181065.347037275,71.39538353951265
1787,136047.44256509157,190233.609102705,71.5159866896291
1788,76984.51844235792,157929.594852031,48.74610013055947
1789,99551.44070953845,168557.001935469,59.060993946517335
1790,91664.91386450887,160805.584645628,57.00356369246351
1791,191190.45857040104,221648.391978216,86.25844602977836
1792,149587.0360702008,180539.88079815,82.85539760461258
1793,129661.65127105999,182105.616283853,71.20134673328955
1794,118755.53177083649,166380.852603154,71.37572017020983
1795,135630.79399774654,178942.155617426,75.7958869612155
1796,134251.477778008,162804.747800461,82.46164782771027
1797,106305.3907429086,183077.684392615,58.065728270264685
1798,119480.55877004437,171728.4720292,69.57527622427595
1799,97568.25202195514,164786.741540638,59.20879987659314
1800,137106.96760930173,177427.267170302,77.27502643531156
1801,131320.53272318374,197318.54715833,66.55255403731057
1802,119555.60604416448,178658.114178223,66.91865443340572
1803,163618.4428155365,185437.320523764,88.23382604612678
1804,131583.4517719657,169759.652489529,77.5116170670071
1805,122256.91406425925,173986.635055186,70.26799157618122
1806,120313.6673234487,168607.664289468,71.35717574314565
1807,141749.77462372847,194138.519145183,73.01476041327145
1808,147852.79240214254,192502.440921994,76.8056714990204
1809,133094.32694938363,176746.969818601,75.30218316386473
1810,142183.9661887636,177604.891703134,80.05633449917788
1811,137813.325055226,193283.746584832,71.30104185699852
1812,119517.00130619743,181627.061006609,65.80352104131029
1813,113602.75361056172,169071.62025834,67.19208903125059
1814,98710.8192982452,167398.006470987,58.96773885139039
1815,74533.76662962323,150106.505141704,49.65392176658943
1816,98122.3837820661,159650.304285848,61.4608185189435
1817,126331.83096803674,179471.23597476,70.39112996681176
1818,153675.11498766585,177109.589956218,86.76837602393793
1819,104137.95718823356,166558.113328453,62.52349711891443
1820,83955.08559331698,153796.714319583,54.58834797917847
1821,97814.38721648812,174520.152570658,56.0476172955934
1822,127912.59685333824,196297.95829524,65.16246932174026
1823,92580.84541308007,169100.681601175,54.74894869521138
1824,129700.92022340262,176911.319164431,73.31408800521774
1825,136801.307191294,169234.6454828,80.83528452523493
1826,107994.85255373396,172386.297919134,62.647004928659754
1827,106849.43837567432,156031.904802362,68.4792244964357
1828,136801.307191294,168202.892306596,81.33112654325588
1829,116276.31017770199,166505.984017547,69.83311192314167
1830,143696.92018426204,176507.37022149,81.41128611453684
1831,137222.6798805988,180116.752553161,76.18540637417826
1832,169431.4394629186,183072.740591406,92.54869890273125
1833,174987.34209284498,189595.964677698,92.29486629122786
1834,117062.39888608032,167523.919076265,69.87802072179785
1835,102045.6750226343,210817.775863413,48.40468248215881
1836,140166.19329792642,172942.930813351,81.04765695754345
1837,97082.15878894397,145286.278144089,66.8212855536583
1838,121969.34873378242,176468.653371492,69.11672209399102
1839,80516.87354654128,159040.069562187,50.62678466388497
1840,188157.27967398323,178518.204332507,94.60050845933755
1841,153074.79514044462,169163.980786825,90.48900033473706
1842,101983.8668744941,189786.685274579,53.736049358228776
1843,136001.47899980098,181246.728523853,75.03665313435022
1844,128778.86107899086,176349.927153587,73.02461824485731
1845,162096.84895337131,205266.631009142,78.96892356856189
1846,161472.09813163235,187397.993362224,86.16532932640364
1847,231539.09666840974,208943.427726113,89.18574793751563
1848,92925.80755563862,165014.532907657,56.313711233931365
1849,171064.78735581413,182492.037566236,93.73821983533155
1850,125022.5283933051,161718.71259042,77.3086344744444
1851,148214.2261782949,180084.118941162,82.30277441994771
1852,126363.80615304507,178534.950802179,70.77818969634646
1853,119856.46255943511,151217.259961305,79.26109928860315
1854,171032.70916290046,156342.717587562,90.60398091960303
1855,192550.33822531055,188511.443835239,97.8574805285553
1856,221544.70524051518,183570.337896789,79.31345130220494
1857,177969.79991360745,225810.160292177,78.81390265315402
1858,194394.81986778651,214217.401131694,90.74651211377493
1859,144294.60456053633,187665.64101603,76.88919707375257
1860,147456.34140102114,161157.177744039,91.49846346603408
1861,144294.60456053633,187643.992594193,76.8980677535433
1862,281468.8464117074,228156.372839158,76.63336206254787
1863,268720.90835409414,220449.534665317,78.10320908045374
1864,268720.90835409414,220522.352084222,78.1434599194443
1865,329987.95468239,156647.763531624,-10.656026771663507
1866,316409.37696409994,187388.833374873,31.148221980164525
1867,250423.8378532073,178640.723791573,59.817049249427335
1868,310300.2821625076,180847.216739049,28.41854701571045
1869,210006.47135230387,159505.170529478,68.33876879653079
1870,224940.5786461424,164305.538020654,63.09616744758397
1871,221747.75367944955,180181.19673723,76.93069105160913
1872,181736.1709848081,184602.734989972,98.44717143257947
1873,203193.5549825514,193440.372174434,94.95804174770583
1874,161175.17910145415,184199.788209911,87.50019783832846
1875,226552.95959232608,196241.892907637,84.55423241409761
1876,200726.87708795382,175588.618271096,85.68343491487234
1877,219515.90693118508,179503.046546829,77.70909120814422
1878,221288.1911868076,183658.076582555,79.51077605490562
1879,150627.90943420387,193700.976276404,77.76311319116095
1880,131583.4517719657,165399.62450704,79.5548672883263
1881,234482.08776153834,186847.944787446,74.50646672711339
1882,259332.25304386317,198127.73287817,69.10855473053425
1883,202404.08836954748,183320.898107934,89.59028105438482
1884,209670.03005671606,181613.606696657,84.55158516458474
1885,233035.32425996003,178298.791761954,69.30067110545282
1886,308844.6347701174,185733.534000593,33.716277229112904
1887,193710.94769777928,180008.188485489,92.38770228866844
1888,243919.93258855894,175127.59621604,60.71873430635358
1889,179762.93639525754,183467.176862723,97.98097919703801
1890,139452.38283550128,182705.546021743,76.32629981517127
1891,155273.12117076278,152324.943593181,98.06454707414461
1892,116304.39403028516,169878.515981342,68.46327409821443
1893,148447.01936285454,183735.975076576,80.79366019691354
1894,136299.99093564722,224118.280105941,60.8160971390723
1895,176093.60403328197,169355.202465146,96.0211428582935
1896,116884.94116467879,180054.276407441,64.9165037881035
1897,114320.64822713101,174081.601977368,65.67072391831137
1898,87574.79710819185,168494.985022146,51.97472025454142
1899,115872.30260835068,181871.598843299,63.71104853385412
1900,95028.69249927423,173554.489658383,54.754384450857195
1901,163721.66532577877,169805.382165577,96.41724145476967
1902,169600.5499658313,176192.990728755,96.25839783089182
1903,183221.516485317,204264.39284654,89.69821608750375
1904,132622.92898428606,169630.906956928,78.183234036449
1905,187082.77679657718,185724.838807268,99.26884416859376
1906,156369.93969189705,195699.036281861,79.9032752857714
1907,244021.71254264095,189494.276162169,71.22475808514268
1908,99406.75099922263,149607.905673439,66.4448516619206
1909,108273.43624531974,154650.199045978,70.01183116041751
1910,108273.43624531974,151579.558140433,71.43010414703038
1911,223949.69670898133,185147.380531144,79.04247088642428
1912,281358.95875483414,196314.53120359,56.67950455330894
1913,92730.58690744033,210802.395364155,43.98934212642648
1914,83286.1309365157,166271.2863726,50.090507359086935
1915,274311.2940742211,154865.359142973,22.871108431050345
1916,139749.93264905422,173575.5052865,80.51247347278982
1917,251532.2095576057,179399.563554274,59.79218423153561
1918,133604.9817960489,164280.776562049,81.32721587518562
1919,154039.32297678737,171247.48948121,89.95128830410633
1920,203598.11566140634,166878.587182445,77.99626117470864
1921,363407.64363358414,188129.459710994,6.831081005678808
1922,280422.1485780262,183517.34369691,47.19583286843974
1923,201636.29456550535,175522.026925727,85.12194275717387
1924,209960.15485965702,190060.105331152,89.52960196784481
1925,265518.7637126388,174179.824771856,47.56055182601068
1926,359321.1883439702,171059.523675194,-10.056231084944113
1927,133589.8183881326,183004.186769318,72.9982306669991
1928,166531.94465086245,183601.647387418,90.70285970771452
1929,116262.68860553575,163539.327185998,71.09157815802118
1930,170426.489407233,164677.676391525,96.50905141384187
1931,155573.10238832585,162395.073865424,95.79915122132861
1932,143776.96225345222,182207.6323195,78.90830939581069
1933,159746.79144662464,192223.939790304,83.10452466060758
1934,181366.4644887469,176391.829390125,97.17978144689485
1935,182419.57251802308,181913.179121348,99.72162907650727
1936,185401.1565861694,179136.097888261,96.50262634289581
1937,192790.5516335635,196595.568243212,98.06454609142499
1938,205483.5212803432,194822.365690957,94.52775580895172
1939,264120.1364032885,148356.669440918,21.969489205557746
1940,184380.27539417485,160387.604263899,85.04081955685383
1941,188191.21343855036,181276.500571809,96.18554371640563
1942,202015.25334156863,192474.817899346,95.04328122174832
1943,178983.24764561793,157699.907796437,86.50389835569594
1944,283247.3592601076,215785.540813051,68.73663629505965
1945,336120.43006681424,181824.300998793,15.139985018259205
1946,185942.84322333147,221813.00948166,83.82864632595215
1947,294505.31792082934,165281.292597397,21.815697776393428
1948,204012.3088001634,255629.49047034,79.80781420202939
1949,239988.9140010168,173154.590990955,61.4019341747901
1950,150954.57913637298,183884.65246539,82.0919946893257
1951,249233.4011206594,200210.353608489,75.51422959472171
1952,207729.3883138481,186599.221265342,88.67617618914967
1953,165414.79488262985,192718.532696106,85.83232373581275
1954,177740.03379788835,178628.665952764,99.50252544845706
1955,129431.89745691039,180650.342418406,71.64774543141021
1956,268800.8743382694,206003.107947263,69.51610729723421
1957,178368.16393218687,166457.67844853,92.84473651520997
1958,300463.2645113482,202916.221653487,51.92742992009831
1959,170582.1811192582,192463.969983091,88.63070897594223
1960,127660.90964921901,171775.497189898,74.31846319041054
1961,119570.20777651746,175249.222149411,68.22866675811909
1962,94898.55640189446,147086.59893993,64.51883250128785
1963,94898.55640189446,149709.672100371,63.38839372934495
1964,109636.06988047068,171411.404533743,63.960779143425306
1965,130498.75754803202,178188.964799425,73.23616122632815
1966,124776.97049730354,156491.711373235,79.733916513769
1967,244533.59542951197,180953.241201168,64.86365549116589
1968,446475.8444234943,203909.759061135,-18.95756558156423
1969,363264.3596932942,175470.149087545,-7.02345189896405
1970,404429.53502883273,205578.333622415,3.27229630548177
1971,378172.9700122959,199428.857699441,10.37199211046983
1972,280653.4181601183,187599.163869476,50.39729795630341
1973,262084.13719803153,192265.198109864,63.68612740394563
1974,283924.795208968,196666.554897677,55.6313780161094
1975,433794.7055029414,155537.862252682,-78.89974776573175
1976,230463.88951081593,169543.240620935,64.06778078160755
1977,356603.2409506559,202487.010170501,23.888337009675944
1978,391543.35641926655,208232.716273485,11.96837681114996
1979,351047.2041179152,173621.195202569,-2.191445409840642
1980,203560.568329078,172414.608571812,81.93542878108644
1981,305615.0823902528,164400.75641556,14.10360325974308
1982,206773.90368923944,160480.424024781,71.15319208197637
1983,206773.90368923944,156060.853810389,67.50431088858079
1984,177711.0626695425,157437.192820581,87.12256647508568
1985,203779.795927841,158163.720929772,71.15895179380391
1986,231708.37391620097,154849.043268978,50.3649948203324
1987,186733.54558288044,152186.609341561,77.29962156934333
1988,185860.9088689798,180340.215399228,96.9387341267557
1989,196860.33250629783,178344.62451356,89.61801733960867
1990,232588.45938845238,190170.382266827,77.69469850351942
1991,210006.47135230387,168092.975480832,75.06529005654295
1992,210286.00554003875,178757.912566805,82.36268676417266
1993,176495.75543652358,174518.256882082,98.86688155739618
1994,266286.27359487524,198168.490116289,65.62632967601789
1995,184756.99515318224,176882.693978902,95.54829192322259
1996,279169.11104256264,183801.672896251,48.1139444252268
1997,281361.50697012164,196400.046680661,56.74061094924039
1998,338149.9119376829,172281.605004025,3.722566939295291
1999,273306.28228409356,196380.366297173,60.82810240280728
2000,303427.7105054206,198228.354306682,46.93021764384772
2001,262607.1527025601,195556.581268962,65.71295581130097
2002,241301.02776644754,186453.264469043,70.58364011292977
2003,246739.1484808383,181869.381196234,64.33167207260087
2004,219717.19653344963,175610.840124147,74.88403541710642
2005,226792.6395267634,183438.730800145,76.36600049645341
2006,206656.48665867955,179584.488673295,84.92520251309975
2007,266673.0510295894,182386.152242034,53.78656890809168
2008,197899.53008954113,160750.367237054,76.89015366434322
2009,200667.62686463495,182477.505046008,90.03158125488363
2010,199136.49795631773,187720.359207171,93.91853989766356
2011,181560.90555033926,187201.942081511,96.98665704615632
2012,194749.7719062608,176385.102235149,89.58831021532147
2013,192650.55667612623,175901.787841278,90.47834076026493
2014,188913.12924365606,182584.280198283,96.53373826131141
2015,203086.93616611528,195664.686104237,96.2066481133319
2016,196860.33250629783,181420.346494222,91.48938566680141
2017,199761.93034848385,176676.04995228,86.93321454580895
2018,124278.44408834235,181594.678867334,68.43727187575543
2019,117944.36657112383,178521.747964951,66.06722593500469
2020,119570.20777651746,175895.883726231,67.97783168287195
2021,117124.96262869156,168468.005916477,69.52356442490316
2022,185885.07216364576,200973.129447888,92.49250020353863
2023,142958.45448219572,197030.641992202,72.55645773506319
2024,269456.6543648548,192867.417844592,60.28917824680134
2025,387047.15877311514,196449.247639381,2.978548696907246
2026,179473.48137069636,141684.196398607,73.32851091890662
2027,152171.37197269333,153353.334123901,99.2292556546226
2028,171737.51757095946,151143.549016705,86.37456332854912
2029,171780.64565228898,163753.087114229,95.09776659510536
2030,243786.01652775754,158682.460013921,46.36864307096668
2031,190009.81398579714,144959.835250915,68.9224407182142
2032,188407.5576996695,160144.390548579,82.35144730684961
2033,226006.50891847003,156286.534303521,55.38964701875899
2034,164617.90319254115,165726.707619571,99.33094403252424
2035,206951.3800352531,182427.481047359,86.55690532638141
2036,164617.930509859,173310.56154032,94.98436162620206
2037,161985.48667289515,173310.56154032,93.46544447910631
2038,251892.09916531152,151556.01403002,33.796038529083305
2039,214426.92600477845,158908.146068683,65.06234493976211
2040,321632.98534176714,209834.383092536,46.72055141700564
2041,216052.52449740938,192410.516550815,87.71272570210547
2042,200726.87708795382,174026.247294886,84.65712488310811
2043,142812.69138792346,195499.830115336,73.05003349807029
2044,158054.66276913034,200918.018812493,78.6662459162685
2045,175098.27969718064,207243.616023976,84.48910661591792
2046,148287.76188104897,196149.783851876,75.59924817099446
2047,140106.39038171488,192097.914850217,72.93488348947407
2048,122054.64657865268,178570.948923671,68.35078567613154
2049,139592.0392571121,228617.968325428,61.05908484778797
2050,179698.32099924947,199929.884438451,89.8806706681062
2051,116661.17064048117,160206.365612859,72.8193103901967
2052,137398.1038096578,179854.431885567,76.39406066850653
2053,142342.69661233918,185987.340461822,76.53354054038863
2054,52818.70160706262,161122.505607926,32.781703218786305
2055,168730.95825232848,175949.342720138,95.89746437456664
2056,139473.18593803866,183683.590595324,75.93121709239344
2057,114770.85686501341,176401.34762338,65.0623469782392
2058,214406.30840495796,205832.532527897,95.83458660700347
2059,134638.8289733901,177799.799849436,75.72496093212963
2060,155027.18513055122,167565.362080406,92.51744107840238
2061,184015.9289335853,186348.958436557,98.74803190608334
2062,133846.51732188778,179782.759465081,74.44902821612582
2063,116166.59089113469,169837.623333323,68.39862017095373
2064,132086.06541066142,178817.275675758,73.866501383327
2065,128394.96822666559,174444.479149339,73.60219644254194
2066,198190.97319788657,192834.968917174,97.22249324861141
2067,146605.4957259489,196564.717984981,74.58383031747877
2068,190371.87987058682,206977.567039357,91.9770594435422
2069,111718.94197184377,157054.253944128,71.13398024327806
2070,105335.29621169042,175142.948078577,60.14247068881831
2071,87929.50920712305,159932.1643654,54.97925295766576
2072,136545.1256259009,182801.408333628,74.69588274544063
2073,125784.54551932996,181510.375176825,69.29881853684249
2074,151054.4447546669,181613.035129451,83.17379016709765
2075,149129.06321018818,186920.512597635,79.78207481765435
2076,110128.69462745596,157950.170625222,69.72369462567092
2077,140280.65389051448,176115.159022876,79.65279915074949
2078,122256.91406425925,182744.514344465,66.90045635723467
2079,124028.75348902335,180660.683691591,68.65287507754316
2080,115021.1980996425,160775.629777099,71.54143837539873
2081,103682.81891049632,186711.715848082,55.53096571339844
2082,127659.92165947876,223581.758190888,57.09764637886343
2083,128899.52939820006,172330.943236652,74.79766951730188
2084,110017.08545717855,163474.633393212,67.29917857809176
2085,136197.14238398112,175308.263299874,77.69008706167419
2086,202140.47137212972,187462.725306432,92.17031223582978
2087,118540.98162516886,180655.101535034,65.6172898622409
2088,104849.52641915734,152121.98603454,68.92463683411994
2089,84011.53184925894,159856.233909727,52.55442956119022
2090,122788.37452273686,186559.854936737,65.817147298048
2091,132381.16006962062,183962.550959411,71.9609286668507
2092,152345.59349865618,162107.168699296,93.97831984916888
2093,146613.3671544078,162582.288981283,90.17794501053335
2094,96664.2038736597,154407.701597409,62.6032269592968
2095,132966.1380444851,181625.666399474,73.20889204724766
2096,101166.15990151829,164810.609473548,61.383281224838505
2097,89327.72706207841,176429.401241704,50.63086222216533
2098,137078.88558235916,179188.089925259,76.49999820832736
2099,56066.57144671666,145997.635377703,38.40238323152955
2100,147621.48068173957,218676.768270367,67.506704918569
2101,115564.07778474397,188323.861214226,61.36454352605121
2102,126727.3407027955,168690.0722914,75.1243620809428
2103,90797.3928392959,165088.746797705,54.999141128956786
2104,173166.68119552353,191435.007885166,90.45716512802042
2105,114304.06316772701,168864.404664512,67.68985056076107
2106,105381.95802007684,176041.882371574,59.86186730135372
2107,156306.39047611278,215911.674390325,72.39367251329921
2108,124157.08061905601,167388.238629016,74.17312090500361
2109,132898.0275761649,163854.786753017,81.10719876404093
2110,125230.16097052605,163299.477980171,76.68742271529636
2111,150901.77374022017,178298.214633119,84.63448389022179
2112,154464.85492370062,176376.586164775,87.57673469164214
2113,109947.68291483613,170211.043976522,64.59491719585583
2114,96100.31598270172,170818.344786366,56.2587795256356
2115,133528.2686780701,174388.867432503,76.56926192823178
2116,106647.17089006775,161112.987374671,66.19402484422807
2117,131636.50059501466,172179.082325307,76.45324787264627
2118,126693.95645882085,157798.309713876,80.28853838076316
2119,103231.54950521371,169106.151422924,61.04541356809546
2120,86543.38681319934,170129.531364292,50.869114914498425
2121,105852.05335314007,157680.227412949,67.13083503864054
2122,88792.0982129511,162690.209131977,54.57740738468255
2123,96482.77932873245,146968.379365095,65.6486652064472
2124,155110.8619901238,181507.721372455,85.45689451515692
2125,151268.43296708266,191215.589752983,79.108838961559
2126,134597.43394343296,189432.689844522,71.05290752821205
2127,130630.75304543096,207271.484957719,63.02398666757183
2128,124339.49536471983,170030.807488363,73.12762739965797
2129,94975.18276251513,148409.806476335,63.99522040860528
2130,136867.19335688686,193850.613979055,70.60446729958511
2131,102706.75573950635,193808.319298263,52.993987106118446
2132,116679.29891234847,166300.235380627,70.16183629884442
2133,108489.41091651299,163474.633393212,66.36467607519212
2134,112337.41823397888,177473.606564978,63.29809846561554
2135,97764.40754674244,157443.925537187,62.094747201695796
2136,117906.75939903056,180681.007992057,65.25686385600301
2137,121577.1360682476,183463.17030026,66.26787047736701
2138,135562.86461976476,182481.763081195,74.28844522915216
2139,160411.3625456789,193717.15117887,82.80700060345303
2140,125417.88729237895,182782.55099007,68.61589720300627
2141,128778.86107899086,175530.651633287,73.36545491099271
2142,131056.88619711954,177804.057884623,73.7086024674208
2143,145725.9475772941,159448.670848577,91.39364210548052
2144,138133.76025562448,181338.976717529,76.17433535582087
2145,124076.17660273578,178553.558537021,69.48961287546113
2146,160985.146439244,162820.928264556,98.87251482663878
2147,171789.56878693262,188832.479997186,90.9745869934519
2148,125757.66046981135,164682.185899437,76.36385185377921
2149,124654.05147063761,181549.735943801,68.66110315314613
2150,201995.37446243604,199158.097008868,98.57536424771035
2151,87480.76986945652,152889.520990566,57.21829024165397
2152,181613.43936473475,181150.551679116,99.74447348830674
2153,164654.4835615889,181416.732376013,90.76036229134483
2154,130315.27038692635,164391.238182305,79.27142092719721
2155,106419.90346333498,185421.046498812,57.39364838716775
2156,337694.1346064572,193981.327550004,25.914102727538413
2157,239985.32645519037,178824.324789223,65.79827619197962
2158,269823.5662680286,209270.051606246,71.06441452228549
2159,229976.0907481914,177801.266806344,70.65553869271656
2160,174367.8637595123,179053.762236101,97.3829656422355
2161,245771.07961671826,178762.170601992,62.51505070168377
2162,393627.2917707926,184655.300458183,-13.168693665489117
2163,332702.1533691872,191284.655779772,26.069607092672076
2164,222460.99532706267,179598.085818785,76.13398310295665
2165,186473.80150961297,167517.628078595,88.68407244751329
2166,161175.17910145415,182873.903794044,88.13459753282932
2167,193710.94769777928,177484.91371363,90.85779537841181
2168,207211.62802436226,188444.597319524,90.04108848341397
2169,192650.55667612623,179184.153848562,92.48460171375122
2170,211539.4422634449,184365.175780982,85.26062941802807
2171,154977.11493932572,184479.322005212,84.00785153305542
2172,137140.218831815,182927.863869391,74.96956228042546
2173,204597.53761945802,178611.639373646,85.45117309435199
2174,255734.95661139954,181943.343613558,59.44253220135791
2175,219063.44657182955,175080.614768394,74.87852560854988
2176,300266.17384136445,190720.794649138,42.56243563070664
2177,279439.7728622107,198422.868144723,59.16957280428148
2178,202609.77090689563,184482.11308349,90.17375857181248
2179,141847.8014954645,139214.952187861,98.10878841228876
2180,315696.3588950807,169233.113601757,13.454735792438278
2181,219274.64059982664,180664.118686848,78.62856100391261
2182,236406.57829623908,178818.742632666,67.79541405127118
2183,208955.76887784497,180422.049969947,84.18501568258932
2184,138657.28678810043,178601.93645581,77.63481714679351
2185,139306.49279587698,183083.159775993,76.08918972467052
2186,144072.53960055584,173163.101499699,83.20048460255043
2187,144740.61942279583,185968.161159774,77.83086014301253
2188,144956.08158354263,171226.050683054,84.657726441324
2189,176899.0744607547,281643.976116786,62.80946494925281
2190,133587.91513443136,160031.711281258,83.47590241014714
2191,133587.91513443136,162775.979779394,82.06856768147213
2192,104654.17096519559,160735.445970193,65.10957824735361
2193,112167.3150522247,166646.109048572,67.30869126955226
2194,99353.58476479002,188384.548444549,52.73977382175521
2195,115439.93606066152,165830.697255197,69.61312831182933
2196,132854.55229753134,182138.358533039,72.94155573134375
2197,109186.6245659078,171595.397975647,63.63027555168098
2198,132974.1457250281,160337.079183809,82.93412004380329
2199,165139.6297985263,191215.088671543,86.36328385266319
2200,123715.29384485415,166956.093232213,74.10049639385319
2201,139549.39891574584,186581.830878692,74.79259811019607
2202,143564.48252831446,176450.548582099,81.36244612553114
2203,153646.0900638316,193743.194909801,79.30399317269594
2204,163453.33437021615,198882.566078408,82.18585348792004
2205,122620.60347379482,176385.102235149,69.5186849229037
2206,127560.90184190673,162447.639333636,78.52431858361533
2207,171796.80614646993,193782.555676777,88.65442276085027
2208,209639.47756076572,183653.890897141,85.85078348371151
2209,232693.8396943463,210578.623546866,89.49788170566212
2210,99406.75099922263,158527.164107319,62.706446279406535
2211,106647.17089006775,163081.025723456,65.395204878656
2212,103665.53187183251,174388.867432503,59.44503992604696
2213,103202.4550776775,191905.870131966,53.77764369933515
2214,149286.33597421803,174388.867432503,85.60542778454544
2215,108287.14343090642,161642.711648983,66.99166471919781
2216,189760.0584307638,186939.507215101,98.49119575755736
2217,119952.16627591643,172482.165792649,69.544677691558
2218,103887.77908821113,159695.999763546,65.05346360712394
2219,87441.96976539244,157230.369671007,55.6139185758822
2220,63553.60154365064,179188.089925259,35.467536692957346
2221,274311.2940742211,157972.82120994,26.355386975287608
2222,256107.11522267608,156804.951429181,36.67153818268063
2223,350113.10969244054,211491.972463654,34.455603390521446
2224,208683.67515314804,186537.246201062,88.12761022095546
2225,170647.48864159128,200468.161070551,85.12448447189333
2226,226859.53685942272,182241.340444154,75.5169730937413
2227,176802.36039471725,157342.225898399,87.63196949502652
2228,242205.02955083083,182022.387105998,66.93668103045678
2229,216514.92580018187,181244.510876788,80.5398713854727
2230,187709.28339520772,178556.671573788,94.87411378093624
2231,221956.96317200348,189547.199876284,82.90148136354793
2232,195258.64795606185,187948.65165563,96.11064179708741
2233,190736.6434503292,194107.287565956,98.26351490565159
2234,200218.75287482474,183521.710369283,90.90187069859806
2235,245475.2796953284,183682.123638416,66.35864457961398
2236,293808.14132435224,178483.353073443,35.38624960533156
2237,320944.2392648772,184003.879764736,25.577460825700694
2238,201157.10089245343,171318.59033449,82.58302820510875
2239,187288.68262996015,162039.754313997,84.41806554023998
2240,169751.69591727972,154846.252190699,90.37403649380929
2241,161137.84305731743,194822.365690957,82.71013571045908
2242,115956.0002169841,169788.738771463,68.29428209197184
2243,124012.1655567648,178891.554489941,69.32253784162738
2244,93854.2264393762,152084.772428865,61.71178411913322
2245,92898.38260761554,139169.86642879,66.75179404239027
2246,158637.9650394071,192439.536044606,82.4352252660992
2247,100208.71374421881,161067.859766557,62.21521406533611
2248,125141.63407426966,158762.648504781,78.82309551575736
2249,122134.77589568826,175569.690441774,69.56484094057971
2250,136958.47044953625,183659.795012187,74.57183018223894
2251,183265.17684066034,280618.132617258,65.30767457234143
2252,172976.79561229007,180051.809151659,96.07056792558546
2253,175832.05828624943,176519.18031559,99.61073803531599
2254,187189.7907621515,179028.429210291,95.44130416165693
2255,183382.49640381438,177161.583857224,96.48856574255745
2256,190693.92397596786,180081.508849842,94.10688238125834
2257,219083.5707265263,205895.254584712,93.59464783760319
2258,177480.49899477317,183389.78131415,96.77774722395567
2259,183382.49640381438,178543.647859512,97.28982318759958
2260,157832.69243241986,194798.320499104,81.02364128603759
2261,166891.61617942847,162845.613675766,97.51543660751081
2262,189109.7444859513,148103.867006579,72.3127570480312
2263,336014.25035379775,201016.171121215,32.8421795721214
2264,385494.784706572,277936.12694354,61.300943873021055
2265,202687.13766200191,249768.279823405,81.15007150039584
2266,240471.57905941183,161596.052159825,51.18969439824199
2267,439995.4602401919,158011.114889899,-78.45855055625518
2268,352856.8215595186,194089.683858004,18.199084801607167
2269,154770.78741761393,181733.336941451,85.16367443771551
2270,162530.11156140667,182852.32772198,88.88599537465419
2271,185181.2338179688,189893.003058465,97.51872414222366
2272,204965.1243776134,194650.210979875,94.70079516183783
2273,158250.15345254965,187904.461286262,84.21841204263072
2274,162111.94258881206,171774.925622692,94.37462540073808
2275,162704.97865346685,177998.685921479,91.40796619433546
2276,156039.59904710428,175648.484325498,88.83629121327567
2277,179963.60760244555,196918.071362067,91.39009251799555
2278,149252.86547315144,184299.838071218,80.98372035219936
2279,122859.91918563991,182379.855682734,67.36485163107359
2280,140929.00093625727,184050.725802482,76.57073902957508
2281,183085.8504640853,158296.975970284,84.3402728688546
2282,203568.73756844905,175053.355553278,83.71046249011073
2283,94090.9226156516,162293.376090644,57.975824326373
2284,105460.7041905235,186328.880047186,56.59922614455504
2285,127120.90493799478,151422.116936538,83.95134575438011
2286,122695.52844429547,181969.358707768,67.42647735618897
2287,308547.7506418194,189122.67702416,36.85311804125789
2288,270773.3274771327,185645.475220346,54.14493557909401
2289,381872.9608373708,182829.898109257,-8.867895670525394
2290,373751.2735740792,195848.788183328,9.163346354626311
2291,327790.53038252034,198785.059550672,35.103034844042824
2292,372917.2790227733,181676.126555428,-5.264877721288874
2293,423298.83817858767,194131.012663328,-18.04802456405783
2294,374861.82743859343,201416.004864508,13.886772458443918
2295,414012.3408967527,185096.577205616,-23.673688161636754
2296,290917.23514094227,195158.972598372,50.93320011494615
2297,249624.04032961032,184795.783735112,64.91897418643286
2298,301820.34544075525,189168.263864671,40.44874162577589
2299,416668.0441581483,216855.260149095,7.858917569407575
2300,279953.97074752866,184946.642483576,48.629871303346484
2301,220178.53891053595,189317.51282069,83.69880016378852
2302,231118.46443553976,180803.277842406,72.1713084001773
2303,264332.5490584069,175061.18585763,49.00562179821082
2304,230290.4623466449,179074.839090732,71.39987755065724
2305,189485.19586067193,145708.764336107,69.95621250099573
2306,189485.19586067193,142398.022752011,66.93270580683259
2307,197520.49488404553,161474.534863641,77.67700024598679
2308,215163.10738032204,157025.945155458,62.976078782835934
2309,231218.17025421796,163424.037827357,58.516425534363904
2310,206773.90368923944,164692.778645345,74.44871269400745
2311,181666.53067321275,152163.2443541,80.61076678251189
2312,196046.00267429356,192383.215486656,98.09609836368931
2313,181655.38455965405,182520.230322476,99.52616443596747
2314,182632.7498297316,187254.507549722,97.53183099276626
2315,185726.3394919221,176489.659740359,94.76644707392403
2316,229141.7795659061,181520.466841293,73.7653204879374
2317,200210.5836354537,186414.978214721,92.59951879787133
2318,188958.90715498652,185197.764639705,97.96912099743824
2319,188642.56883910674,178657.794083741,94.41122912852845
2320,204612.56263306117,179731.198023759,86.15634632001226
2321,235920.578879369,161748.271317074,54.14336922532201
2322,186733.54558288044,158608.749069322,82.2678151876312
2323,187876.58171168077,178807.370559878,94.92794333734373
2324,179995.41355396804,184187.158803897,97.72419245882831
2325,228220.93279260374,181686.10402108,74.38723835141263
2326,182476.02711307956,190311.050228337,95.8830435196186
2327,220274.88521447315,192252.496354076,85.42417425426422
2328,221819.9045157,193954.849525775,85.63322595023747
2329,187417.1885012369,181044.201560887,96.47987238176938
2330,185401.1565861694,180258.131219792,97.14685527272752
2331,373448.82153391244,199641.657313834,12.9404320928593
2332,375686.095020518,197530.775205517,9.80882871054256
2333,301628.1173866305,191777.196949138,42.71950879195167
2334,265109.06323058705,195779.543033588,64.58796505357822
2335,262825.30931812705,202112.046522999,69.96059174126502
2336,287604.00596934767,192343.34807661,50.47364057799623
2337,208955.76887784497,185191.359443218,87.1676467487062
2338,231453.50045566817,186760.207965688,76.06915682049824
2339,229353.975173723,177733.78193528,70.9564537048787
2340,365244.2350211748,164430.391189608,-22.126963500320528
2341,244452.58856889882,185299.601552401,68.07711051673799
2342,215750.38258634575,186414.012339254,84.26278696598052
2343,215239.94850240412,176401.921054593,77.9832174073708
2344,239056.4117827796,182381.322639642,68.92494893508419
2345,227290.3513034791,176334.184710805,71.1025025146178
2346,206656.48665867955,184901.735847457,88.23442586327576
2347,203423.91899561512,180085.766885029,87.04053489941505
2348,217119.8297135207,184901.735847457,82.57555900251607
2349,215454.88493779436,183967.561548763,82.88430681803366
2350,221635.58358020074,193046.301574659,85.19045339261004
2351,248054.33050465965,168538.969495849,52.82078604926499
2352,269182.7622464542,170157.842016969,41.80408081361896
2353,296435.6566762338,196559.709259637,49.187985781628306
2354,178749.97456914894,177133.709361852,99.08754510187826
2355,182332.05868663633,181553.279576244,99.57104652022258
2356,175077.07671634556,185770.606634739,94.24369112417284
2357,224493.357307598,177017.595099274,73.18020156035963
2358,208461.889977235,184123.358536806,86.78139936516324
2359,114673.94285014246,165970.357492196,69.09302635895959
2360,130365.92347431729,158151.985049452,82.43078544575563
2361,123062.18667124648,177086.476441481,69.49270726040615
2362,286363.1420989477,196373.896176551,54.17453761701025
2363,134508.07810565582,172465.707083115,77.99120206594661
2364,143497.1751856096,168590.782409896,85.11567069943592
2365,183545.41295672723,158820.474171061,84.4321464756265
2366,174994.47743083868,151611.37057651,84.57694382326785
2367,243010.8156682517,152125.028585543,40.25586195265578
2368,190770.81420150862,158404.073081048,79.56697672546585
2369,229138.18930764034,160692.078640755,57.405423312804224
2370,165252.53063542445,170175.22684199,97.10727801107247
2371,176772.88432186024,169854.436591138,95.92683719685469
2372,193710.94769777928,183410.785819008,94.38410242190685
2373,254648.1972382141,180347.194026928,58.80113155506479
2374,275022.62180801533,178930.528374292,46.29642336230341
2375,230032.54965654327,153346.220086301,49.99137929380697
2376,291023.59748161,182675.204270589,40.68795836651745
2377,313436.6308747342,180770.649792036,26.610884435431792
2378,149351.22864171042,188714.148087543,79.14151119842248
2379,196092.78445738202,191393.608594076,97.54475820910382
2380,132242.06267020927,174016.157494425,75.99412869143829
2381,152463.2441647709,183189.685319552,83.22698076522018
2382,172253.0673762026,183621.508757866,93.80876376707347
2383,223054.24505967676,168991.29635758,68.0084419331861
2384,252507.3874222595,185306.650665866,63.7353886032046
2385,142631.15412532474,189030.680303208,75.4539706975303
2386,131319.10064108376,179208.665698449,73.27720460909623
2387,136635.75676401734,174901.452792889,78.12156764976429
2388,141989.80739654426,168337.406544343,84.34833963011168
2389,123000.99836922198,158234.96461859,77.73313481360074
2390,162987.23152926587,179562.453368834,90.76910482754353
2391,121234.07798024628,174176.391640607,69.60419654943759
2392,120016.54968259788,173931.531845427,69.0021805760077
2393,141639.1891009683,184111.729429665,76.93110566053195
2394,127551.4826015663,179374.482001188,71.10904582331924
2395,164025.4980163539,207348.811884535,79.1060708405186
2396,153830.8000488818,186983.419339031,82.2697545015806
2397,193814.03681520274,206779.094049527,93.72999611304084
2398,119857.30052594146,177472.074683935,67.53586486178105
2399,84952.00113700332,156727.948324862,54.203479369816556
2400,50131.10926562571,157090.568462479,31.91223366003638
2401,104678.8359624581,160387.032696693,65.26639604363505
2402,133976.37918612917,172410.28005086,77.70788328086175
2403,146632.8900839169,191603.365657467,76.52939163190658
2404,144731.08856783196,182152.207151253,79.4561267367198
2405,142302.18391459758,180161.697340702,78.98581441841732
2406,118243.17983073332,169652.235284283,69.69738985908171
2407,115543.95761324381,182503.520140218,63.31053643484304
2408,128596.74179300012,179714.630677039,71.5560782717231
2409,138751.5540115009,180282.570719908,76.96337669106637
2410,144583.93088282386,192600.338060371,75.06940659548775
2411,120264.70985481642,166115.491248565,72.3982507295841
2412,153139.8936272329,186379.553524443,82.16560815355164
2413,134876.08232161443,184361.992258449,73.1582907460327
2414,137030.65821334283,186220.965458121,73.58497893952735
2415,143489.876562751,198176.47090687,72.40510233436433
2416,116984.82257719868,168437.776500131,69.45284187903519
2417,114770.85686501341,178003.582312015,64.47671185843686
2418,116981.66266847591,179180.469244588,65.28706123031279
2419,128444.99685102682,191930.561104806,66.92263916265419
2420,116981.66266847591,175590.266214964,66.6219518827215
2421,162616.91928781918,176713.19307219,92.02307788156355
2422,137440.4738186328,180159.090947005,76.2883921628256
2423,142639.91819024287,188090.100808026,75.83595180047682
2424,139862.7152148388,186184.717727913,75.12040564963644
2425,336198.0380645545,223055.588672278,49.27611988305309
2426,122675.87336479094,158270.753116401,77.51013434210954
2427,123711.85886723001,184733.12846644,66.96787949959091
2428,142873.7220682185,199926.378957429,71.4631669984085
2429,117944.36657112383,175075.785166001,67.36760681055517
2430,122859.91918563991,180917.925148076,67.90920196828627
2431,131688.2011807592,182067.760625207,72.3292255194175
2432,121436.34546585285,178238.60191545,68.13133864428418
2433,135151.18091349327,173454.944606532,77.91716818455214
2434,140280.65389051448,176821.936262814,79.33441792086957
2435,146044.1086237109,183642.191304235,79.52644628475578
2436,119594.10543940762,177254.582741058,67.4702473639942
2437,118974.35110064004,168715.950111702,70.51754799820084
2438,120414.67403781402,180096.931198144,66.86103601917175
2439,106647.17089006775,160620.728178758,66.39689167102891
2440,116401.72461034477,175286.544392273,66.4065373722297
2441,89753.81885940103,153494.783276297,58.473530463794596
2442,89419.05407396477,156407.65915545,57.17050850118102
2443,116276.31017770199,162162.525245786,71.70356406417862
2444,95860.68576459645,166809.886827197,57.467028836187154
2445,96653.41581213997,172929.156408918,55.89191424931714
2446,122834.61770418845,193514.330894137,63.47572148100274
2447,155893.51063827515,181612.141603756,85.83870508966623
2448,149759.9739412122,191745.386377068,78.10356054497638
2449,82847.83961370714,171369.325038261,48.34461453075689
2450,127572.2199548662,184425.470567051,69.17277725393423
2451,114781.59329902753,170563.252355189,67.29561714735651
2452,213326.19026214984,184522.369240168,84.39006547520978
2453,116458.9031548746,164968.947931153,70.59443890220889
2454,151165.51490477717,157939.621592364,95.71095167932558
2455,106742.19869748311,151520.381580069,70.44741940613221
2456,126542.35424904674,176129.508722531,71.84619724818381
2457,117214.41803259305,171112.978971478,68.50118485292163
2458,96736.88972105368,169762.081624282,56.983802740562574
2459,103357.45948094528,162246.828936295,63.7038394886151
2460,126424.62725830574,171339.303381589,73.78612190149157
2461,105938.00883173465,189034.753653813,56.041551505255605
2462,120021.51190539729,175758.873595981,68.28759734845147
2463,117808.91756604463,163351.721489893,72.1197894283188
2464,195862.43643905385,189806.546645026,96.80944103295157
2465,121142.27603561225,175370.990918319,69.07771656033785
2466,104500.88418918714,196895.599900301,53.0742607971441
2467,119095.69330036471,176905.917994834,67.32148627376193
2468,107724.054569239,176866.557227858,60.90696639187566
2469,103300.83271318664,163590.677170026,63.14591668681838
2470,199159.6231962668,212693.502958393,93.6369096498572
2471,163973.97107595674,192686.931747717,85.0986465914804
2472,174364.91404892536,181578.684951827,96.02719289171223
2473,120836.40893101215,166475.457581812,72.5851189636339
2474,119725.94779694463,185998.255166219,64.36939297626769
2475,215206.57322874977,185527.714877908,84.00300549684837
2476,109264.47619499757,159027.118197683,68.70807786328201
2477,129223.03689102377,181169.654933769,71.32708672336128
2478,175080.2985855797,176732.915304722,99.06490722665166
2479,145753.31878767684,191619.294648838,76.06400965768334
2480,149026.35730090077,189114.303789324,78.80226630922547
2481,133690.89189319458,180934.635330334,73.88905482309339
2482,122577.06595509886,164573.372223048,74.4817125026574
2483,122728.66407362859,173902.011270196,70.57345868354675
2484,124342.64943063738,165625.127741229,75.07474930066714
2485,122493.2609586889,179555.219570787,68.22038437618224
2486,168919.07440026593,196899.720661579,85.78939260690738
2487,262032.5702940343,207566.12470446,73.7594727139963
2488,116532.19211635926,163899.981149274,71.09957627769712
2489,142994.36140550862,189179.428177786,75.58663369630558
2490,155754.0091402001,193892.880023125,80.32992708222385
2491,110202.94511846788,178980.874331431,61.57246998045033
2492,181122.4500402028,179749.876244365,99.23639791886598
2493,160226.81700452385,197999.674975598,80.92276768851798
2494,189908.9609887632,203717.470295797,93.22173533424312
2495,158629.46145190997,185249.261156892,85.6302802295999
2496,285924.7291365777,201691.208274848,58.23639434647878
2497,139235.55371747463,181956.548314794,76.52132061583742
2498,113121.39405043385,171895.936275806,65.80806766073357
2499,125316.18754811652,187245.168439419,66.926259615965
2500,119480.96971120796,157816.77461318,75.70866278572998
2501,124204.66617332652,191702.912573325,64.7901821135968
2502,123025.14715290855,198599.420028908,61.946377856995305
2503,103847.78457384814,187193.313676329,55.476225370639355
2504,194560.9982920202,220514.993999535,88.23028074563966
2505,228068.77863284585,181814.527595192,74.55965062338778
2506,255097.5041290108,183750.755371907,61.1719970278763
2507,353105.02049942606,183000.431679579,7.0468920435726945
2508,257148.40569202878,185830.971906573,61.62241791356996
2509,223608.26050240878,185497.872344187,79.45508070976209
2510,224493.357307598,179613.437681321,75.01305013386295
2511,197520.49488404553,164454.967963631,79.89387165991427
2512,207178.7777743385,185127.237217638,88.08844074587662
2513,201100.45605572787,178750.613844623,87.49663470776541
2514,246566.2053983871,160927.61044889,46.784399078183284
2515,170083.9602511727,192562.808057836,88.3264852473943
2516,153028.77918028727,180990.24148554,84.55084535179942
2517,157140.48700403163,180064.941503122,87.26878519065139
2518,177524.29770306282,196070.997393789,90.54082452925101
2519,212068.56486915058,180352.919019023,82.41467561343859
2520,209217.91698301575,183367.953769362,85.90268218504117
2521,200895.02460372035,176734.841494027,86.32969995873175
2522,201789.28808447803,180848.220765939,88.42063956734096
2523,137426.20218154925,187806.059368823,73.17453049353682
2524,132051.89959221488,180521.52640004,73.15022325901717
2525,134073.42961629803,181502.754496154,73.86853714065205
2526,128778.86107899086,174525.87942676,73.78783106664308
2527,150627.90943420387,188927.984063168,79.7276857534464
2528,127308.41220834495,184728.870431253,68.91635937097493
2529,120130.87866667222,179857.975518011,66.79207764942416
2530,120130.87866667222,180962.868071609,66.38426984873776
2531,253333.15761139145,179194.066390078,58.626369324124816
2532,220901.43286551634,179591.789259484,76.99803327514829
2533,198405.35180752468,180638.463702549,90.16439370618663
2534,234014.35602952534,185846.215131922,74.08172081233324
2535,276337.7940391822,195174.031139141,58.414671036753376
2536,220251.46364470548,192474.56829063,85.56853739132262
2537,212128.0264293156,164200.595496827,70.81165827232658
2538,188958.90715498652,178403.094096818,94.08316704841457
2539,185413.5536212828,170774.84018302,91.42806198935718
2540,203423.91899561512,179879.945898337,86.91128520208444
2541,185726.3394919221,177668.192752792,95.46449670350269
2542,181882.78229873945,180174.328610725,99.05177740847553
2543,126364.17945472048,170643.303572141,74.05164856135058
2544,133286.17853517047,165448.004289838,80.56076536388723
2545,151166.48725878802,195531.754886222,77.31045391923695
2546,137806.17273842177,165314.177682121,83.36016587966594
2547,128778.86107899086,172532.757660882,74.64023807705512
2548,200721.68113992,203310.218069877,98.72680431188789
2549,172015.3612637391,175090.062515883,98.24393160413372
2550,436382.22872499784,230841.338626282,10.9601030205972
2551,155273.12117076278,155225.19006632,99.96912156820534
2552,120293.31056852768,168322.342441945,71.46603880588063
2553,133587.91513443136,165956.259265265,80.49585820134932
2554,111244.78793514027,193956.817564124,57.355440933836555
2555,88488.24503270724,171070.367893827,51.726225951432184
2556,106294.14350603426,166285.243628001,63.92277581997976
2557,113691.95125935343,182875.801346628,62.16894221223861
2558,200384.23389807844,218108.536769738,91.87363175501402
2559,133767.4648407318,174378.777632042,76.710862788014
2560,113879.76119158264,164731.316372391,69.13060837451603
2561,92139.42438727472,156969.695083273,58.69886180156904
2562,124148.64449789801,173388.854342604,71.60128312087994
2563,142001.55639395193,177559.628685119,79.9740106720852
2564,168235.31504963734,194297.789279905,86.58632487438027
2565,147027.356644919,174894.588364005,84.06626987160607
2566,151818.4376395907,196544.144075798,77.24393843097221
2567,124966.75578411098,179036.158528149,69.79973029552187
2568,193316.7619275582,211423.986511149,91.43558643350245
2569,193431.24938637795,208156.398935188,92.92592030601237
2570,99406.75099922263,159233.941347257,62.428116868900844
2571,255361.03298792924,210820.115134931,78.87254836926222
2572,147140.80126821878,140196.10979821,95.0464449548532
2573,195789.03109698172,198678.469082978,98.5456713053343
2574,362673.97795967927,186818.610760803,5.868389405787722
2575,112301.08513509053,175044.797633861,64.15562567588515
2576,141508.68008208778,180031.162892704,78.60232517990508
2577,178425.58069551078,176889.171525162,99.13142836438112
2578,86206.4244535622,159638.856165666,54.000903366597086
2579,82743.62820989185,154287.264375509,53.62959058533043
2580,141529.42179295557,191885.618181273,73.75718051951851
2581,123668.06201784336,177503.378612934,69.67082147068052
2582,106849.43837567432,166548.31684976,64.1552195763474
2583,256440.9755078295,164475.14942856,44.08527586155804
2584,164153.76072441819,167484.744857879,98.01117162265294
2585,197745.6397952018,188683.160555403,95.19698566998629
2586,216003.11829838384,162243.399502668,66.86477295193029
2587,194632.8229550789,180807.213919103,92.3533974467624
2588,128576.59359338428,176279.079637039,72.93922447185747
2589,131785.71925757226,163438.959094218,80.63298982563971
2590,176953.50827790808,161495.5393685,90.42823785111727
2591,281514.2573352775,216032.303722443,69.6888139021258
2592,274598.2521242522,176632.181541401,44.53668084267597
2593,234091.26714821125,168743.001567144,61.273495804763954
2594,168751.4289025025,183810.11848086,91.80747517992293
2595,197060.9323914036,156794.36054728,74.31886471963922
2596,354798.85013663326,169136.43011395,-9.770804490552077
2597,214780.38600976218,183203.318752456,82.76392181520845
2598,294167.12524720345,213252.926930889,62.05716869596021
2599,329618.12837762217,190550.327866959,27.017810954510978
2600,276829.20354160725,234707.209860273,82.05338740705473
2601,168869.28724589734,135751.318892816,75.6039435762462
2602,94898.55640189446,164228.45886894,57.78447721879117
2603,92337.71171746078,153219.437030419,60.26501174203425
2604,94337.8855117397,164210.746523801,57.44927631643535
2605,98599.11721297976,163883.229117973,60.16425093869866
2606,136353.0289018055,154892.776269956,88.03059263665183
2607,183521.57414830147,197092.08733832,93.11463317818337
2608,198579.86037903003,228148.376399122,87.03978678841662
2609,144956.08158354263,178680.587503997,81.12581428595315
2610,114062.04517454232,165643.341167808,68.86002441775774
2611,193814.03681520274,222406.642660249,87.14399646384454
2612,151415.60604920425,184021.843582599,82.28132220686112
2613,131179.53033794838,170871.094939159,76.77104801409311
2614,127081.01446925955,189562.873697309,67.03897867268066
2615,144423.06446177818,170591.884966356,84.65998513954001
2616,119383.52948856464,172934.351682851,69.03401685484982
2617,182315.46782713156,186425.069879189,97.79557435342755
2618,198076.60581459425,218648.131133006,90.59149272769321
2619,213738.5724238117,183035.606761141,83.22568695459476
2620,180839.99492556468,178378.906069427,98.6203027530734
2621,198916.065497714,184516.716597846,92.19618191491486
2622,227525.05429960942,181419.5253183,74.58623656940046
2623,254693.38107904562,196858.923438425,70.62136852601935
2624,335592.09919926553,189228.701486278,22.652643830776842
2625,413454.18396610394,208973.380761028,2.149832452148326
2626,175658.94476788936,180269.86896412,97.44221026912247
2627,157903.2167071181,159488.713683953,99.00588766426645
2628,367195.9942911789,191490.299507521,8.243030986143074
2629,387824.0114292426,228684.245137946,30.410699611028758
2630,317916.0125657358,201842.998700429,42.49341586646766
2631,449862.2723371147,209242.82289186,-14.99531793719424
2632,365726.28050915437,202357.62258493,19.26735655551689
2633,271075.22681321023,168238.61218265,38.874546516756446
2634,348773.12784015626,202524.12465369,27.786873076702566
2635,148448.30642537758,170588.771929588,87.02114725736516
2636,170647.48864159128,198375.31512987,86.02254193263603
2637,142987.12528061811,170636.827889889,83.79616935500401
2638,254969.1719135613,181991.079479377,59.90018156771575
2639,193329.7390782488,183994.54251844,94.92637312388044
2640,148013.65793601976,182951.482193584,80.90322973136892
2641,119570.20777651746,174126.297156192,68.66866735772972
2642,198718.29094056258,170575.496742588,83.50126792217742
2643,91746.98817496035,175332.239869971,52.32750590707178
2644,119459.7785073746,167522.061539111,71.30987847799652
2645,94090.9226156516,168095.583738538,55.974654730967856
2646,93854.2264393762,154406.415627461,60.78389039599228
2647,94090.9226156516,170996.973346087,55.02490528017566
2648,126196.29028817602,159056.890245639,79.34034803100023
2649,146864.67722211732,181373.6165193,80.97356166820956
2650,127120.90493799478,152272.560975937,83.48247650348716
2651,134299.01974355258,168664.346821336,79.62501991355282
2652,443949.7781563104,211007.008292301,-10.395750240352907
2653,245515.97918707764,182909.515032911,65.77189319926751
2654,322289.0728852684,203926.829353303,41.95847407262781
2655,334945.26745553606,179082.825442944,12.966281592284801
2656,294245.2515766953,206260.099795032,57.34262134601056
2657,291498.40595197806,181732.443415757,39.60023842022263
2658,270845.72195332556,189698.740693148,57.2232367153987
2659,318232.58861519146,203074.34678979,43.29257060488977
2660,329493.0911175543,201670.634365666,36.61821060168698
2661,305770.6060487008,173756.812589691,24.023817258465176
2662,311503.10618623224,181387.076390881,28.26609680010662
2663,247633.95710746845,184859.155270535,66.04182154513003
2664,224837.85834301737,158313.615666777,57.979455907151745
2665,287921.4015966281,151951.955409666,10.518133300499299
2666,273007.6868935737,162537.52704471,32.03405892937199
2667,181720.97015440185,178998.337067854,98.4789617986698
2668,188180.14788262968,186732.584943041,99.22479360523488
2669,205290.98765766164,187323.318406165,90.40820469956755
2670,292325.64008679485,199437.232798284,53.42474121546773
2671,188407.54562171508,185546.680858653,98.4581428512637
2672,190770.81420150862,161595.015798593,81.94511244129001
2673,203343.1136089095,154672.422763036,68.53305199696857
2674,201832.6580678588,159355.710116165,73.3445711353992
2675,165741.06862564478,155919.014077746,93.70054088271671
2676,184874.6870229872,182424.87095604,98.65708219821762
2677,217055.82385076833,178100.589622319,78.127397381975
2678,289697.56171682035,202577.900044456,56.99448871113493
2679,237377.35890306256,177862.778940605,66.53904750789278
2680,262003.39374455603,182056.024744887,56.0863920259171
2681,351521.1566329652,191403.199177104,16.34520313962714
2682,308581.86345517606,196264.754980043,42.772654985071625
2683,468778.63304779556,209375.003419718,-23.894268843578725
2684,298574.4849417089,196691.81930173,48.20187946724492
2685,331456.393981492,192458.431539585,27.777670570219847
2686,238083.22984236368,182242.80926507,69.35932846816775
2687,273250.35060474195,183259.503900506,50.89430845938929
2688,226360.4259696445,188108.243748841,79.6648028504922
2689,206773.90368923944,171418.640195797,79.37490143833884
2690,444526.4713298496,194698.882220432,-28.314855360376768
2691,198405.35180752468,174841.84007522,86.52295599144504
2692,173078.64988144243,172965.476488899,99.93456879670973
2693,200678.31536746668,189386.323677132,94.03758863307078
2694,179118.7233264749,185682.618340257,96.4649922149665
2695,189295.05315428364,176412.012719061,92.69718641227732
2696,180839.99492556468,174976.489722867,96.64897540693354
2697,206270.63295120347,180718.581707643,85.86086112334743
2698,201783.46037256694,186131.188248242,91.59073110120072
2699,178983.24764561793,165220.786354033,91.67026038594508
2700,173068.79940071452,164115.893800435,94.54476626671745
2701,156515.88531144796,182125.729127024,85.93837128980584
2702,124278.44408834235,182285.140233276,68.17804453467755
2703,139936.9526818129,196325.442210366,71.27805296466268
2704,141798.4547037397,164865.215329881,86.0087159198581
2705,124278.44408834235,182694.492209823,68.02528230878994
2706,122859.91918563991,185425.485520958,66.25837804359071
2707,123904.03505060116,171414.7041191,72.28320095836811
2708,142789.2354814473,183433.472466085,77.84251890442057
2709,122054.64657865268,176844.981155794,69.01787417485542
2710,122493.2609586889,180568.187753206,67.83767533077764
2711,266488.88048616925,185948.625475832,56.686824221346455
2712,329655.2094178663,189388.291715481,25.936858909362236
2713,158855.20528825014,142754.489165865,88.72139418069166
2714,151215.52814093267,156106.800760811,96.86671394453032
2715,162908.5961947332,155895.397617561,95.50134341080624
2716,146443.65922610005,159851.977738548,91.61204090050205
2717,198405.35180752468,185157.832305524,92.8452826774612
2718,220243.89793427472,180716.291710805,78.1272591146765
2719,163265.6495436216,176901.093954071,92.29205195645112
2720,151195.37212502875,181017.222455218,83.52540718186808
2721,131423.5444240706,183269.159407668,71.71067126014864
2722,164146.67641259357,193550.830097069,84.80804568509019
2723,127888.30738830441,170625.842699726,74.95248396420655
2724,122859.91918563991,182012.405942725,67.50084893900092
2725,131056.88619711954,179162.507290733,73.14972768518425
2726,140010.73698994354,183269.159407668,76.3962346105929
2727,168537.70579823796,180589.836175042,93.32624103766163
2728,168644.0196199073,181465.935198741,92.93425757027556
2729,141322.64779881074,196053.029878304,72.08388867365831
2730,143003.01273859796,183421.020319014,77.96435353476976
2731,101845.32573321038,167926.839083612,60.648629063101026
2732,112640.05346423016,168027.530997889,67.03666523889189
2733,152376.5174315603,182164.26685407,83.64786358107631
2734,171288.14918165322,172469.071592608,99.31528453185841
2735,130536.0449236295,181059.374300472,72.09571193314855
2736,149515.44554659113,182997.570115536,81.7035141243647
2737,118480.4331789577,166140.504179894,71.31339450533338
2738,146266.23185696587,198515.546934075,73.67998835151153
2739,151628.85420580689,193789.648503294,78.24404212345198
2740,126127.83256029083,173550.025727531,72.6752024562118
2741,143575.96998779927,176487.943174734,81.35171581984507
2742,146109.85195198553,188813.302559147,77.38324046644736
2743,143813.2233360236,178531.911979192,80.55323092758067
2744,133846.51732188778,182145.731469001,73.48320284116393
2745,123523.7578828233,179196.465024103,68.93202824408876
2746,129525.46227535793,169618.349900686,76.36288311447255
2747,164645.1772455281,170010.168655046,96.84431145974357
2748,132477.6086756474,181739.671652174,72.89416090130956
2749,123627.29346724566,172846.934955574,71.52414562573584
2750,144876.6478984178,195560.8830172,74.08263128249202
2751,135396.39250315275,180358.114292956,75.07086278537386
2752,233658.98887820978,211817.702818093,89.68863991558163
2753,161275.0854015831,176170.128686742,91.54508009036843
2754,261141.63329310648,234492.248263699,88.63528102667222
2755,119442.31746320707,182450.956536015,65.46543779814589
2756,94231.12170128083,174902.068073146,53.87650514336533
2757,94231.12170128083,173684.174293738,54.25429350973299
2758,52085.74524098602,147196.673677562,35.38513740811913
2759,143036.30832135145,175231.189709791,81.62719693807988
2760,137961.89994566588,193417.64740633,71.32849654397708
2761,140272.9514339077,183313.601249761,76.52075485811262
2762,139949.06623179125,180882.250849082,77.3702591464084
2763,170450.04767546523,186735.697979808,91.27876968328586
2764,174717.88269917283,172922.865411247,98.96195492501417
2765,274067.61685982137,202551.677190573,64.69249691674396
2766,146108.11541732796,190485.634074173,76.70295774663778
2767,116893.71203540896,173439.49362151,67.39740159210876
2768,145445.66325855945,196613.598849219,73.97538324401471
2769,135090.0514465791,178152.259700828,75.82842433401436
2770,122256.91406425925,174519.904825949,70.0532779834986
2771,117124.96262869156,172627.796932837,67.84826355297837
2772,120616.9415234206,173732.689486435,69.42673936607557
2773,110841.48532646475,209219.844787023,52.978476032852775
2774,138486.80546326257,181059.374300472,76.48695683297827
2775,130222.07840909384,188515.443002459,69.07767148147921
2776,117240.60174790393,182164.26685407,64.35982411513461
2777,106483.73592076595,188137.901597981,56.598768784135665
2778,91864.20723997167,158893.54306269,57.81494041185014
2779,150658.18840769038,189579.65066771,79.4695991247288
2780,108489.41091651299,165229.803505847,65.65971066634711
2781,98978.13990832889,162186.071220207,61.027521761682
2782,110128.69462745596,166374.879866351,66.19310241781835
2783,110619.31030647519,161665.184974757,68.42494277524732
2784,115341.69012763724,175079.328798445,65.87967347100184
2785,130485.32855685666,203840.874021305,64.01332862378652
2786,72880.44066674933,152129.078861057,47.906975584406666
2787,114215.05627985112,181012.141380101,63.098008459009925
2788,92691.52718479013,161305.53503837,57.46332707228022
2789,152022.73603017462,203326.392972343,74.76783205948732
2790,94621.55473496894,168385.571141831,56.193386460214754
2791,121299.8213085209,183564.365159986,66.08026628850416
2792,92746.2265157956,163784.619440861,56.626945089483335
2793,177891.655301549,171989.192193993,96.56811975667726
2794,103378.98535497198,180839.95616829,57.16600885413139
2795,121052.32600052307,170895.923185907,70.83394603207579
2796,113984.64573049766,174071.054808518,65.48167692548499
2797,220213.52044448163,259423.859147546,84.88560811950465
2798,139200.41676733035,188000.824679588,74.04245008210535
2799,111769.49364930361,179171.703565498,62.38121948114712
2800,95558.71300967163,171022.241447762,55.875020816435516
2801,109639.59425934141,174126.297156192,62.96555778762942
2802,139513.68024142346,187625.573271948,74.35749711965423
2803,209982.1977825417,199567.946369234,94.78160115250192
2804,188300.62493393524,205328.078219268,91.70719687584604
2805,108489.41091651299,166231.535025379,65.26403723574448
2806,98589.38726765626,154743.91606057,63.7113172378721
2807,178162.07399588823,159714.537012622,88.44968195862575
2808,136001.47899980098,185563.069082422,73.29124252595373
2809,125698.16733559886,171500.796725006,73.29305154025049
2810,129035.35617303634,180983.443844799,71.29677357874218
2811,167943.19079590694,183141.236914997,91.70146146487804
2812,128778.86107899086,178498.634450214,72.14557213596457
2813,153094.09594856022,224323.710512388,68.24695240590975
2814,151072.56592447712,218200.642127877,69.23561931405348
2815,130687.99422226718,182283.177756557,71.6950383632239
2816,236446.1372199588,190054.639237419,75.590441691567
2817,150561.67063060033,160192.453934518,93.98799190138229
2818,118698.00785137166,171289.393581756,69.29676459781346
2819,134299.01974355258,151131.098733642,88.86259735347073
2820,143813.2233360236,181721.458225594,79.13937337960932
2821,106141.21253174306,172725.053851858,61.45096508279438
2822,188353.73934957743,222438.699143414,84.67669523104844
2823,422223.30871765484,235419.373448928,20.650568161820303
2824,180385.86709850997,185150.926027596,97.42639206223802
2825,170935.8806074423,184772.239624699,92.51166785369898
2826,126246.11673090678,180658.216435809,69.88119290758314
2827,128859.12147510641,209673.316647174,61.45709121964384
2828,274888.587498126,205939.810625621,66.51993771236036
2829,189665.4633780653,165633.573325837,85.49093063098242
2830,224544.74767533067,186030.317211014,79.2966915061324
2831,185413.5536212828,160312.319589212,84.34229253472797
2832,316131.30650703964,190702.440251029,34.22796997725685
2833,239076.048170281,175122.810326699,63.48092077538355
2834,205772.7825905943,183783.13937519,88.03500512062054
2835,231118.46443553976,178290.666302221,70.36984648216513
2836,194328.8553919944,181605.343963015,92.99386727762229
2837,159367.30322078225,187992.451444752,84.77324594472762
2838,175077.07671634556,188885.11781517,92.68971464849018
2839,181180.43005367357,189959.344795118,95.37852967912002
2840,193710.94769777928,179258.619211334,91.93772185123944
2841,207983.79976819686,181518.750275669,85.42021171237909
2842,205995.68640019523,193008.659237315,93.27127227648789
2843,145560.37951890766,186313.89385619,78.12642230066925
2844,152998.5031619914,181499.39185067,84.2969784096423
2845,120130.87866667222,174126.297156192,68.99065829150109
2846,207983.79976819686,183918.612062767,86.91530594129485
2847,205633.75847311164,184114.270899227,88.31188507616388
2848,214813.49148123784,158540.947801398,64.5059875948694
2849,216832.09993417945,197034.759055859,89.95236121119729
2850,269439.45124717365,185170.284452595,54.490988095796645
2851,269568.5242264968,221134.533635148,78.09750028855261
2852,235190.99832265568,184306.637575967,72.39146597435196
2853,222034.00121057325,199792.302740996,88.86758990990226
2854,141847.8014954645,143237.803559736,99.02958434873527
2855,193710.94769777928,177294.838897736,90.74078585586345
2856,211827.3569613795,182368.620883855,83.84659820601162
2857,192650.55667612623,176487.943174734,90.84208631442307
2858,194170.51019042122,183849.408762071,94.38611116682605
2859,118797.31211955457,184964.141507413,64.22721244852391
2860,114747.91786571124,196395.969632434,58.42681908415349
2861,164433.11152337378,188374.936650438,87.29033407905406
2862,196402.9356419495,176261.296806135,88.57285223654759
2863,159945.07769700646,163628.142248426,97.74912524165447
2864,288246.41918798053,180618.032628904,40.41105143681377
2865,155273.12117076278,161647.329794081,96.05671888831188
2866,159636.49131015263,167129.598867773,95.51658855859002
2867,85325.26063651152,174750.988352687,48.8267685584163
2868,117464.73922685534,177560.202116333,66.15488033173975
2869,147615.68842366093,192577.796112839,76.65249649921584
2870,192543.83329193734,199202.898960871,96.65714419635945
2871,102850.380019851,182818.156667308,56.25829616421407
2872,72880.44066674933,148217.262540651,49.17135792246917
2873,121386.14237471359,188997.797082492,64.22622075416682
2874,148783.3676514682,185807.928877601,80.07374526491691
2875,122038.60829708206,177030.477842021,68.93649601171343
2876,136949.26002448995,175942.474593632,77.83752066736399
2877,127043.67901867526,172912.518576433,73.47280582378296
2878,159319.65099397415,198359.248864591,80.31874082298675
2879,137679.7844555044,184379.133036383,74.67210751464835
2880,109016.33061220981,194255.566948886,56.120054794051285
2881,164776.36894824234,209449.651603064,78.67111149963442
2882,166477.36262543453,169979.323958443,97.93977217260574
2883,149861.14719884493,188206.281858748,79.62600701676806
2884,150022.10471307297,186412.438609167,80.47859136031683
2885,189727.01984311864,196761.386409959,96.42492528885519
2886,213665.18099093426,208353.269558209,97.45052648130331
2887,108287.14343090642,166548.067241044,65.01855303681376
2888,116401.72461034477,175942.474593632,66.15896751435015
2889,90796.69503200454,166790.457916434,54.437583640123975
2890,69049.63911353891,160515.850579067,43.017333717785334
2891,140208.9139797088,192167.621096362,72.96177846183637
2892,104934.05947146144,178751.551083369,58.70385953883031
2893,111154.02751906801,198678.894117024,55.946570476478044
2894,75831.83804094432,164553.120272354,46.083500522769825
2895,282184.9912826335,156887.932862327,20.135949187208844
2896,256107.11522267608,164185.777305524,44.013824202262754
2897,202492.64935008058,212992.120630876,95.07048840600474
2898,153293.46264322512,197468.550532521,77.62930463095657
2899,218815.0781071847,180106.84373966,78.50818238563078
2900,154688.64456242818,183972.071056674,84.08267824238123
2901,225866.51471865794,245283.198337927,92.08397323956994
2902,197060.9323914036,170351.963410756,84.32130252808041
2903,345182.2647801482,195596.307707478,23.5231181887227
2904,323226.6876251979,189369.756330412,29.314514688801417
2905,188300.62493393524,223667.404551664,84.18778109907403
2906,201157.10089245343,169335.310624364,81.2078236070446
2907,120003.13386724301,167411.02835165,71.68173748695588
2908,121364.34006151516,187709.555003968,64.65538744628616
2909,158978.32627183344,196526.002998991,80.89429584168039
2910,89745.65302889622,137402.569855589,65.31584752979474
2911,94898.55640189446,165086.775061735,57.484045203746135
2912,161141.09395161475,188506.431412274,85.48307489795415
2913,94337.8855117397,172917.456816012,54.55660015409393
2914,94337.8855117397,166274.325225982,56.73629129664239
2915,94337.8855117397,167081.220948984,56.46229119940684
2916,93530.25172549684,164788.778231138,56.7576583366061
2917,144421.9415298479,219222.423400059,65.87918301874271
2918,156090.1937823592,184924.279658997,84.40762568884503
2919,239727.8819569875,187741.866657478,72.30984424249155
